{"name": "IT.jsonl", "no": [50, 52, 0.9615384615384616], "yes": [28, 28, 1.0], "-1": [80, 78, 0.975]}
{"name": "CIT.jsonl", "yes": [37, 37, 1.0], "no": [51, 51, 1.0], "-1": [88, 88, 1.0]}
{"name": "MULTCIT.jsonl", "yes": [37, 37, 1.0], "no": [51, 51, 1.0], "-1": [88, 88, 1.0]}
{"name": "CAUSE.jsonl", "no": [48, 55, 0.8727272727272727], "uncertain": [6, 6, 1.0], "yes": [8, 11, 0.7272727272727273], "-1": [72, 62, 0.8611111111111112]}
{"name": "Has-Confounder.jsonl", "no": [66, 66, 1.0], "uncertain": [8, 11, 0.7272727272727273], "yes": [10, 11, 0.9090909090909091], "-1": [88, 84, 0.9545454545454546]}
{"name": "Has-Collider.jsonl", "no": [59, 59, 1.0], "uncertain": [5, 5, 1.0], "yes": [7, 8, 0.875], "-1": [72, 71, 0.9861111111111112]}
