{"name": "IT.jsonl", "yes": [37, 39, 0.9487179487179487], "no": [36, 44, 0.8181818181818182], "-1": [83, 73, 0.8795180722891566]}
{"name": "CIT.jsonl", "yes": [43, 43, 1.0], "no": [41, 42, 0.9761904761904762], "-1": [85, 84, 0.9882352941176471]}
{"name": "MULTCIT.jsonl", "no": [43, 43, 1.0], "yes": [45, 45, 1.0], "-1": [88, 88, 1.0]}
{"name": "CAUSE.jsonl", "no": [52, 57, 0.9122807017543859], "uncertain": [9, 9, 1.0], "yes": [13, 14, 0.9285714285714286], "-1": [80, 74, 0.925]}
{"name": "Has-Collider.jsonl", "no": [65, 66, 0.9848484848484849], "yes": [11, 13, 0.8461538461538461], "uncertain": [4, 4, 1.0], "-1": [83, 80, 0.963855421686747]}
{"name": "Has-Confounder.jsonl", "no": [66, 67, 0.9850746268656716], "uncertain": [6, 8, 0.75], "yes": [3, 5, 0.6], "-1": [80, 75, 0.9375]}
